Time, 
Antisurge_Valve_Opening_feedback_(%_closed),%
Proc_Comp_bearing_DE_Side_radial_vibration_X_DIRECT,micron
Proc_Comp_bearing_DE_Side_radial_vibration_Y_DIRECT,micron
Proc_Comp_bearing_NDE_Side_radial_vibration_X_DIRECT,micron
Proc_Comp_bearing_NDE_Side_radial_vibration_Y_DIRECT,micron
Proc_comp_1st_STG_jornal_bearing_1_temperature_senA,DegC
Proc_comp_1st_STG_jornal_bearing_1_temperature_senB,DegC
Proc_comp_1st_STG_journal_bearing_1_temp_C,DegC
Proc_comp_1st_STG_jornal_bearing_2_temperature_senA,DegC
Proc_comp_1st_STG_jornal_bearing_2_temperature_senB,DegC
Proc_comp_1st_STG_journal_bearing_2_temp_C,DegC
Proc_Comp_axial_displacement_A,mm
Proc_Comp_axial_displacement_B,mm
Bearing_Metal_Temp_Thrust_Active_TC_#1,DegC
Bearing_Metal_Temp_Thrust_Active_TC_#2,DegC
Bearing_Metal_Temp_Thrust_Inactive_TC_#1,DegC
Bearing_Metal_Temp_Thrust_Inactive_TC_#2,DegC
Bearing_Metal_Temp_Thrust_Active_TC_#3,DegC
Bearing_Metal_Temp_Thrust_Inactive_TC_#3,DegC
Initial_Massflow,kg/s
Phase_Mech_Total,kW
Suction_Pressure_IN,BarG
Discharge_pressure_OUT,BarG
Suction_temperature_IN,DegC
Discharge_temperature_OUT,DegC
