Time, 
Antisurge_Valve_Opening_1st_stage,%
Antisurge_Valve_Opening_2nd_stage,%
Proc_Comp_bearing_DE_Side_radial_vibration_X_DIRECT,micron
Proc_Comp_bearing_DE_Side_radial_vibration_Y_DIRECT,micron
Proc_Comp_bearing_NDE_Side_radial_vibration_X_DIRECT,micron
Proc_Comp_bearing_NDE_Side_radial_vibration_Y_DIRECT,micron
Proc_comp_1st_STG_jornal_bearing_1_temperature_senA,DegC
Proc_comp_1st_STG_jornal_bearing_1_temperature_senB,DegC
Proc_comp_1st_STG_journal_bearing_1_temp_C,DegC
Proc_comp_1st_STG_jornal_bearing_2_temperature_senA,DegC
Proc_comp_1st_STG_jornal_bearing_2_temperature_senB,DegC
Proc_comp_1st_STG_journal_bearing_2_temp_C,DegC
Proc_Comp_axial_displacement_A,mm
Proc_Comp_axial_displacement_B,mm
Bearing_Metal_Temp_Thrust_Active_TC_1,DegC
Bearing_Metal_Temp_Thrust_Active_TC_2,DegC
Bearing_Metal_Temp_Thrust_Inactive_TC_1,DegC
Bearing_Metal_Temp_Thrust_Inactive_TC_2,DegC
Bearing_Metal_Temp_Thrust_Active_TC_3,DegC
Bearing_Metal_Temp_Thrust_Inactive_TC_3,DegC
Initial_Massflow_11,kg/s
Phase_Mech_Total_22,kW
Initial_Massflow_21,kg/s
Phase_Mech_Total_21,kW
Suction_Pressure_In,BarG
Discharge_pressure_out,BarG
Pressure_1st_side_stream,BarG
Compressor_Inlet_Temperature_from_Suction_Drum_In,DegC
Discharge_temperature_Out,DegC
