Time, 
96TF_inlet_filter,mmH2OD
Turb_inlet_air_filter_differential_press,mmH2OD
Perdita_di_Carico_condotto_di_aspirazione,mmH2OD
Exhaust_Duct_Pressure_Loss,mmH2OD
Gas_Turbine_Compartment_Temperature,DegC
Burner_demand, 
Bearing_Metal_Temp_Brg_1_TC_1,DegC
Bearing_Metal_Temp_Brg_1_TC_2,DegC
Bearing_Metal_Temp_Brg_2_on_Fr9_only_TC_1,DegC
Bearing_Metal_Temp_Brg_2_on_Fr9_only_TC_2,DegC
Bearing_Metal_Temp_Thrust_Active_TC_1,DegC
Bearing_Metal_Temp_Thrust_Active_TC_2,DegC
Bearing_Metal_Temp_Thrust_Inactive_TC_1,DegC
Bearing_Metal_Temp_Thrust_Inactive_TC_2,DegC
Compressor_Discharge_Bleed_Valve_Position_Feedback,%
Power_by_torquemeter,kW
Bleed_valve_mass_flow,kg/s
Flame_Detector_A_Sensor_Input, 
Flame_Detector_B_Sensor_Input, 
Lube_Oil_Scavenge_Pressure,BarG
Lube_Oil_Supply_Pressure,BarG
Synthetic_oil_tank_Level_in_mm,mm
Synthetic_Lube_Oil_Temperature_Sump_A_TGB_Drain,DegC
Synthetic_Lube_Oil_Temperature_Sump_B_Drain,DegC
Synthetic_Lube_Oil_Temperature_Sump_C_Drain,DegC
Synthetic_Lube_Oil_Supply_Temperature,DegC
Gas_Generator_H_P_Shaft_Speed,rpm
Power_Turbine_L_P_Shaft_Speed,rpm
PRF_GT_1_E2D3, 
Compressor_Discharge_Pressure,BarA
Combustor_Dynamic_Pressure_Selected,BarD
Ambient_Temperature,DegC
Gas_Generator_Inlet_Temperature,DegC
Compressor_Discharge_Temp_Average_Temp,DegC
Gas_Generator_Exhaust_Temperature_Average,DegC
Gas_Generator_Exhaust_Temperature_TC_1,DegC
Gas_Generator_Exhaust_Temperature_TC_2,DegC
Gas_Generator_Exhaust_Temperature_TC_3,DegC
Gas_Generator_Exhaust_Temperature_TC_4,DegC
Gas_Generator_Exhaust_Temperature_TC_5,DegC
Gas_Generator_Exhaust_Temperature_TC_6,DegC
Gas_Generator_Exhaust_Temperature_TC_7,DegC
Gas_Generator_Exhaust_Temperature_TC_8,DegC
Power_Turbine_Exhaust_Temperature,DegC
Variable_Stator_Vanes_Position_Feedback,%
Starting_clutch_speed_RPM,rpm
WF_G_M,Gas Fuel Flow (mass)
